Jadwiga,Milecka,26,Female,890513633,JadwigaMilecka,12345,None,active
Robert,Moczydło,27,Male,890513634,RobertMoczydło,12345,None,active
Ewa,Niemota,28,Female,890513635,EwaNiemota,12345,None,active
Robert,Palancik,29,Male,890513636,RobertPalancik,12345,None,active
Paweł,Palek,30,Male,890513637,PawełPalek,12345,None,active
Krystyna,Pilecki,31,Female,890513638,KrystynaPilecki,12345,None,active
Krystyna,Policka,32,Female,890513639,KrystynaPolicka,12345,None,active
Krzysztof,Policki,26,Male,890513640,KrzysztofPolicki,12345,None,active
Elwira,Policzawska,27,Female,890513641,ElwiraPoliczawska,12345,None,active
Paweł,Policzewski,28,Male,890513642,PawełPoliczewski,12345,None,active
Marek,Sawek,29,Male,890513643,MarekSawek,12345,None,active
